name_shop,starttime_shop,endtime_shop,phonenumber_shop,owner_shop
kafsh,5,1000000,5000000,9125555555,123456,,,,e3b0c44298fc1c149afbf4c8996fb92427ae41e4649b934ca495991b7852b855
kafsh,5,1000000,5000000,9125555555,123456,,,,e3b0c44298fc1c149afbf4c8996fb92427ae41e4649b934ca495991b7852b855
kafsh,5,1000000,5000000,9125555555,123456,,,,e3b0c44298fc1c149afbf4c8996fb92427ae41e4649b934ca495991b7852b855
kafsh,5,1000000,5000000,9125555555,123456,,,,e3b0c44298fc1c149afbf4c8996fb92427ae41e4649b934ca495991b7852b855
kafsh,5,1000000,5000000,9125555555,123456,,,,e3b0c44298fc1c149afbf4c8996fb92427ae41e4649b934ca495991b7852b855
kafsh,5,1000000,5000000,9125555555,123456,,,,e3b0c44298fc1c149afbf4c8996fb92427ae41e4649b934ca495991b7852b855
kafsh,5,1000000,5000000,9125555555,123456,,,,e3b0c44298fc1c149afbf4c8996fb92427ae41e4649b934ca495991b7852b855
kafsh,5,1000000,5000000,9125555555,123456,,,,e3b0c44298fc1c149afbf4c8996fb92427ae41e4649b934ca495991b7852b855
kafsh,5,1000000,5000000,9125555555,123456,,,,e3b0c44298fc1c149afbf4c8996fb92427ae41e4649b934ca495991b7852b855
9124444444,a665a45920422f9d417e4867efdc4fb8a04a1f3fff1fa07e998e86f7f7a27ae3,1
12855555,a665a45920422f9d417e4867efdc4fb8a04a1f3fff1fa07e998e86f7f7a27ae3,1
